<?xml version="1.0" encoding="UTF-8"?>

<definition name="article" caption="Article" type="1" nextId="28" definitionType="1" databaseId="ff8081813b28e350013b4145e0da01c8">
  <item name="entryForm" caption="__entry_form_definition" type="form" id="1" display="form">
    <properties/>
    <item name="entryFormForm" caption="__form" id="2">
      <properties>
        <property name="name" value="form1"/>
        <property name="type" value="form"/>
      </properties>
      <item name="title" caption="__title" type="data" id="3">
        <properties>
          <property name="caption" value="__title"/>
          <property name="name" value="title"/>
          <property name="width" value="60"/>
          <property name="generated" value=""/>
          <property name="itemSource" value=""/>
          <property name="required" value=""/>
        </properties>
      </item>
      <item name="guestName" caption="__guestName" type="data" id="4">
        <properties>
          <property name="caption" value="__guest.default.caption"/>
          <property name="name" value="_guestName"/>
          <property name="width" value=""/>
          <property name="required" value=""/>
        </properties>
      </item>
      <item name="description" caption="__description" type="data" id="5">
        <properties>
          <property name="caption" value="__description"/>
          <property name="name" value="description"/>
          <property name="height" value=""/>
          <property name="required" value=""/>
          <property name="fieldModificationAllowed" value=""/>
        </properties>
      </item>
      <item name="attachFiles" caption="__attach_files" type="data" id="6">
        <properties>
          <property name="caption" value="__attach_files"/>
          <property name="name" value="ss_attachFile"/>
          <property name="width" value="60"/>
          <property name="number" value=""/>
          <property name="storage" value=""/>
          <property name="hide" value=""/>
        </properties>
      </item>
      <item name="entryFormButtons" caption="__form_buttons" category="entryLayout" display="form" id="24">
        <properties>
          <property name="alignment" value="right"/>
        </properties>
        <item name="okButton" caption="__ok_button" id="25">
          <properties>
            <property name="caption" value="__ok"/>
            <property name="onClick" value=""/>
          </properties>
        </item>
        <item name="cancelButton" caption="__cancel_button" id="26">
          <properties>
            <property name="caption" value="__cancel"/>
            <property name="onClick" value=""/>
          </properties>
        </item>
      </item>
    </item>
  </item>
  <item name="entryView" caption="__entry_view_definition" id="10" display="view">
    <properties>
      <property name="type" value="entryView"/>
    </properties>
    <item name="titleView" caption="__title" id="11">
      <properties>
        <property name="caption" value="__title"/>
        <property name="showDocNumber" value=""/>
      </properties>
    </item>
    <item name="customJspView" caption="__custom_jsp" category="generalViewLayout" display="view" id="27">
      <properties/>
      <jsps>
        <jsp name="custom" value="view_entry_article.jsp"/>
      </jsps>
    </item>
    <item name="entrySignatureView" caption="__entry_signature" id="12">
      <properties>
        <property name="caption" value=""/>
        <property name="showPicture" value=""/>
        <property name="displayType" value=""/>
      </properties>
    </item>
    <item name="descriptionView" caption="__description" id="13">
      <properties>
        <property name="caption" value="__description"/>
      </properties>
    </item>
    <item name="entryWorkflow" caption="__entry_workflow" id="14">
      <properties>
        <property name="caption" value="__entry_workflow"/>
      </properties>
    </item>
    <item name="entryAttachments" caption="__entry_attachments" id="15">
      <properties>
        <property name="caption" value="__entry_attachments"/>
      </properties>
    </item>
    <item name="entryComments" caption="__entry_comments" id="16">
      <properties>
        <property name="caption" value="__entry_comments"/>
      </properties>
    </item>
  </item>
  <item name="entryBlogView" caption="__entry_blog_view_definition" id="17" display="view">
    <properties>
      <property name="type" value="blog"/>
    </properties>
    <item name="titleBlogView" caption="__title" id="18">
      <properties>
        <property name="caption" value="__title"/>
        <property name="showDocNumber" value=""/>
      </properties>
    </item>
    <item name="descriptionBlogView" caption="__description" id="19">
      <properties>
        <property name="caption" value="__description"/>
      </properties>
    </item>
    <item name="entryBlogWorkflow" caption="__entry_workflow" id="20">
      <properties>
        <property name="caption" value="__entry_workflow"/>
      </properties>
    </item>
    <item name="entryBlogAttachments" caption="__entry_attachments" id="21">
      <properties>
        <property name="caption" value="__entry_attachments"/>
      </properties>
    </item>
    <item name="entryBlogComments" caption="__entry_blog_comments" id="22">
      <properties>
        <property name="caption" value="__entry_comments"/>
      </properties>
    </item>
  </item>
  <properties>
    <property name="caption" value="Article"/>
    <property name="name" value="article"/>
    <property name="replyStyle" value="402883c6115753d801115777f284000b"/>
  </properties>
  <export-mappings>
    <export definitionId="402883c6115753d801115777f284000b">_comment</export>
  </export-mappings>
</definition>
